,intent,example
0,thanks,بسیار ممنونم
1,thanks,تشکر می‌کنم
2,thanks,قدردانی می‌کنم
3,thanks,متشکرم
4,thanks,از شما سپاسگزارم
5,thanks,بابت تلاش‌های شما متشکرم
6,thanks,سپاس
7,thanks,تشکر می‌کنم از زحمات شما
8,thanks,از کمک شما متشکرم
9,thanks,ممنون از همکاری شما
10,thanks,سپاس از پیگیری شما
11,thanks,بسیار سپاسگزارم
12,thanks,بسیار ممنونم از همکاری شما
13,thanks,سپاسگزار تلاش‌های شما هستم
14,thanks,قدردان زحمات شما هستم
15,thanks,ممنون از کمک شما
16,thanks,تشکر بابت همراهی شما
17,thanks,بسیار سپاسگزار تلاش‌های شما هستم
18,thanks,از همکاری شما متشکرم
19,thanks,تشکر از حسن توجه شما
20,thanks,از پیگیری‌های شما ممنونم
21,thanks,از زحمات شما سپاسگزارم
22,thanks,بابت مساعدت شما ممنونم
23,thanks,تشکر فراوان از شما دارم
24,thanks,بابت همکاری شما سپاسگزارم
25,thanks,تشکر می‌کنم از مساعدت شما
26,thanks,سپاس بابت همراهی شما
27,thanks,از لطف شما متشکرم
28,thanks,بسیار قدردان همکاری شما هستم
29,thanks,تشکر می‌کنم از پیگیری شما
30,thanks,از شما بسیار سپاسگزارم
31,thanks,دستت درد نکنه
32,thanks,مرسی
33,thanks,واقعاً ممنون
34,thanks,خسته نباشی
35,thanks,مرسی از زحماتت
36,thanks,خیلی کمک کردی
37,thanks,خیلی قدردانم
38,thanks,لطف کردی
39,thanks,ممنون که زحمت کشیدی
40,thanks,از کمکت خیلی ممنونم
41,thanks,واقعاً سپاسگزارم
42,thanks,مرسی بابت پیگیریت
43,thanks,خیلی متشکرم
44,thanks,ممنون از محبتت
45,thanks,مرسی که هستی
46,thanks,ممنون بابت توجهت
47,thanks,خیلی لطف کردی، مرسی
48,thanks,خیلی ممنون از زحمتت
49,thanks,مرسی از همکاری‌ت
50,thanks,ممنون که کمک کردی
51,thanks,مرسی، خیلی لطف کردی
52,thanks,خیلی سپاسگزارم
53,thanks,واقعاً ممنون از وقتی که گذاشتی
54,thanks,خیلی چاکرتم
55,thanks,خیلی ممنون که کمکم کردی
56,thanks,سپاس از زحماتت
57,thanks,خیلی متشکرم از کمکت
58,thanks,تشکر
59,thanks,سپاسگزارم
60,thanks,خیلی ممنون
61,thanks,ممنون از کمکتون
62,thanks,تشکر می‌کنم
63,thanks,تشکر فراوان
64,thanks,ممنون بابت زحماتتون
65,thanks,سپاس
66,thanks,قدردانی می‌کنم
67,thanks,ممنون از پشتیبانی‌تون
68,thanks,ممنونم بابت همکاری‌تون
69,thanks,تشکر از شما
70,thanks,متشکرم
71,thanks,ممنونم، قدردانم
72,thanks,تشکر از پیگیری‌تون
73,thanks,سپاسگزارم بابت کمکتون
74,thanks,بسیار ممنونم
75,thanks,خیلی تشکر می‌کنم
76,thanks,مرسی از زحماتتون
77,thanks,ممنون از پاسخگویی‌تون
78,thanks,تشکر از همکاریتون
79,thanks,ممنون از پیگیری‌تون
80,thanks,ممنون از اطلاعاتی که دادید
81,thanks,خیلی ممنون از کمکتون
82,thanks,ممنون از توجه‌تون
83,thanks,تشکر از پاسختون
84,thanks,قدردانی از راهنمایی‌تون
85,thanks,ممنون از وقتی که گذاشتید
86,thanks,بسیار سپاسگزارم
87,thanks,تشکر فراوان از شما که به من کمک کردید و این موضوع را برایم توضیح دادید.
88,thanks,خیلی ممنونم که این مشکل را پیگیری کردید و جواب من را دادید، واقعاً ممنون.
89,thanks,تشکر می‌کنم از زحمات شما و توجهی که به این مسئله داشتید.
90,thanks,خیلی متشکرم از اینکه با صبر و حوصله به سوالات من پاسخ دادید و مرا راهنمایی کردید.
91,thanks,مرسی از اینکه وقت گذاشتید و این موضوع را برای من روشن کردید، واقعاً سپاسگزارم.
92,thanks,ممنون از پیگیری‌های شما و اینکه به من کمک کردید تا این مشکل را حل کنم.
93,thanks,تشکر می‌کنم از زحمات شما و راهنمایی‌های دقیقی که به من ارائه دادید.
94,thanks,خیلی ممنونم که به من کمک کردید و توضیحات لازم را دادید تا این مسئله را درک کنم.
95,thanks,خیلی متشکرم از اینکه با دقت و توجه به این موضوع رسیدگی کردید و جواب دادید.
96,thanks,ممنون از اینکه وقت گذاشتید و به من کمک کردید تا این مسئله را حل کنم، واقعاً ممنون.
97,thanks,تشکر فراوان از اینکه با صبر و حوصله به سوالات من پاسخ دادید و مرا راهنمایی کردید.
98,thanks,تشکر می‌کنم از اینکه با صبر و حوصله به من کمک کردید تا این مشکل را بفهمم.
99,thanks,بسیار سپاسگزارم از راهنمایی‌های شما و وقتی که برای من اختصاص دادید.
100,thanks,سپاسگزارم از اینکه به سوالات من با دقت و حوصله پاسخ دادید.
101,thanks,تشکر می‌کنم از زحمات شما و راهنمایی‌های دقیقی که به من ارائه دادید.
102,thanks,بسیار ممنونم از اینکه وقت گذاشتید و به من کمک کردید تا این مشکل را حل کنم.
103,thanks,خیلی متشکرم از توجه و دقتی که در پاسخگویی به سوالات من داشتید.
104,thanks,ممنون از پیگیری‌های شما و وقتی که برای من اختصاص دادید، واقعاً سپاسگزارم.
105,thanks,خیلی ممنونم که به من کمک کردید و توضیحات لازم را در اختیارم گذاشتید.
106,thanks,سپاسگزارم از زحمات شما و وقتی که برای من اختصاص دادید تا این مشکل را برطرف کنم.
107,thanks,تشکر فراوان از شما که به من کمک کردید و اطلاعات مفیدی در اختیارم گذاشتید.
108,thanks,خیلی متشکرم از اینکه وقت گذاشتید و این موضوع را برای من روشن کردید.
109,thanks,تشکر می‌کنم از زحمات شما و توجهی که به این مسئله داشتید، واقعاً ممنون.
110,thanks,بسیار سپاسگزارم از راهنمایی‌های شما و وقتی که برای من اختصاص دادید تا این مشکل را برطرف کنم.
111,thanks,تشکر
112,thanks,دست شما درد نکنه
113,thanks,دستتون درد نکنه متشکر
114,thanks,لطف کردی
115,thanks,خوب بود
116,thanks,سپاس گزارم
117,thanks,سپاسگزارم
118,thanks,یه دنیا ممنون
119,thanks,متشکرم
120,greeting_greet,چطور پیش می‌رود؟
121,greeting_greet,اوضاع چگونه است؟
122,greeting_greet,چه خبرهای جدیدی دارید؟
123,greeting_greet,تازه چه خبر؟
124,greeting_greet,چه اتفاقاتی افتاده است؟
125,greeting_greet,تازه‌ترین اخبار شما چیست؟
126,greeting_greet,خبرهای جدید چیست؟
127,greeting_greet,خبرهای جدید چیست؟
128,greeting_greet,خبرهای تازه‌ای دارید؟
129,greeting_greet,وضعیت فعلی چگونه است؟
130,greeting_greet,اوضاع چطور پیش می‌رود؟
131,greeting_greet,اخبار تازه‌ای دارید؟
132,greeting_greet,چه وقایعی رخ داده است؟
133,greeting_greet,جدیداً چه اتفاقی افتاده است؟
134,greeting_greet,چه اطلاعات جدیدی دارید؟
135,greeting_greet,چیز جدیدی برای گفتن دارید؟
136,greeting_greet,چه اطلاعاتی جدیدی دارید؟
137,greeting_greet,چه تغییراتی رخ داده؟
138,greeting_greet,تازه چه خبرهایی دارید؟
139,greeting_greet,جدیداً چه خبرهایی دارید؟
140,greeting_greet,اوضاع چطور است؟
141,greeting_greet,جدیداً چه تغییراتی رخ داده؟
142,greeting_greet,چه چیزی در حال وقوع است؟
143,greeting_greet,خبرهای جدید چیست؟
144,greeting_greet,چه اخبار تازه‌ای شنیده‌اید؟
145,greeting_greet,چه خبر؟
146,greeting_greet,چه می‌گذره؟
147,greeting_greet,چه خبرا؟
148,greeting_greet,چه کارا می‌کنی؟
149,greeting_greet,چه کنی؟
150,greeting_greet,جدیداً چه خبر؟
151,greeting_greet,چه چیز جدیدی داری؟
152,greeting_greet,چه کارا کردی؟
153,greeting_greet,چه اتفاقی افتاده؟
154,greeting_greet,چه می‌کنی؟
155,greeting_greet,اخبار تازه چیه؟
156,greeting_greet,چه خبرهای جدیدی داری؟
157,greeting_greet,اوضاع چطور پیش میره؟
158,greeting_greet,چه خبر تازه‌ای داری؟
159,greeting_greet,تازگی‌ها چه خبر؟
160,greeting_greet,چه چیز جدیدی شنیدی؟
161,greeting_greet,چه خبر خوشی داری؟
162,greeting_greet,این مدت چه کارا کردی؟
163,greeting_greet,چه کارای جالبی کردی؟
164,greeting_greet,چه وقایعی رخ داده؟
165,greeting_greet,چه چیز تازه‌ای تو راهه؟
166,greeting_greet,چه می‌گذره؟
167,greeting_greet,چی شده؟
168,greeting_greet,تازه چه خبر؟
169,greeting_greet,چه کارا می‌کنی؟
170,greeting_greet,اخبار جدید چیه؟
171,greeting_greet,چه تغییراتی بوده؟
172,greeting_greet,چطور پیش می‌ره؟
173,greeting_greet,جدیداً چه خبر؟
174,greeting_greet,چه وقایعی رخ داده؟
175,greeting_greet,چه چیز تازه‌ای هست؟
176,greeting_greet,چیا شنیدی؟
177,greeting_greet,چه کارای جدیدی کردی؟
178,greeting_greet,جدیداً چه کارا می‌کنی؟
179,greeting_greet,اوضاع چطور پیش می‌ره؟
180,greeting_greet,چه چیزای جالبی داری؟
181,greeting_greet,چه چیزای مهمی هست؟
182,greeting_greet,چه چیزای جدیدی تو دست داری؟
183,greeting_greet,اوضاع چه طوره؟
184,greeting_greet,چه چیزای تازه‌ای داری؟
185,greeting_greet,سلام، می‌خواستم بدونم چه خبرای جدیدی داری و این مدت چه اتفاقاتی افتاده که بخوای باهام در میون بذاری؟
186,greeting_greet,میشه لطفاً توضیح بدی که چه تغییرات جدیدی رخ داده و اوضاع چطوره؟
187,greeting_greet,خیلی وقت بود که ازت بی‌خبر بودم، تازه چه خبر؟
188,greeting_greet,میشه بگی این روزا چه کارایی انجام دادی و چه خبرایی داری؟
189,greeting_greet,توی این مدت که ندیدمت چه کارایی کردی و چه خبرایی داری؟
190,greeting_greet,چند وقتیه که از هم خبر نداریم، اوضاع چطوره و چه کارایی کردی؟
191,greeting_greet,میشه بگی چه اتفاقاتی افتاده و چه برنامه‌هایی داری؟
192,greeting_greet,دوست دارم بدونم چه چیزای جدیدی رو تجربه کردی و چه خبرایی داری؟
193,greeting_greet,خیلی وقته ندیدمت، تازه چه کارایی کردی و چه خبرایی داری؟
194,greeting_greet,توی این مدت که ازت بی‌خبر بودم چه تغییراتی پیش اومده؟
195,greeting_greet,چه خبرای مهمی داری که بخوای باهام در میون بذاری؟
196,greeting_greet,میشه بگی توی این مدت چه کارایی کردی و چه خبرایی داری؟
197,greeting_greet,خیلی وقته ندیدمت، چه کارایی کردی و چه خبرای جدیدی داری؟
198,greeting_greet,چه تغییرات جدیدی پیش اومده که بخوای بگی؟
199,greeting_greet,توی این مدت چه کارایی کردی و چه اتفاقاتی افتاده؟
200,greeting_greet,دوست دارم بدونم چه چیزای جدیدی رو تجربه کردی و چه خبرایی داری؟
201,greeting_greet,چه کارای جدیدی انجام دادی و چه برنامه‌هایی داری؟
202,greeting_greet,تازه چه خبر؟ چه کارایی کردی؟
203,greeting_greet,توی این مدت چه اتفاقاتی افتاده و چه کارایی کردی؟
204,greeting_greet,دوست دارم بدونم چه چیزای جدیدی رو تجربه کردی و چه برنامه‌هایی داری؟
205,greeting_greet,چه تغییرات جدیدی رخ داده که بخوای بگی؟
206,greeting_greet,خیلی وقته ندیدمت، تازه چه کارایی کردی و چه خبرایی داری؟
207,greeting_greet,میشه بگی این مدت چه تغییراتی پیش اومده و اوضاع چطوره؟
208,greeting_greet,چه خبرای جدیدی داری که بخوای باهام در میون بذاری؟
209,greeting_greet,توی این مدت که ازت بی‌خبر بودم، چه کارایی کردی و چه خبرایی داری؟
210,greeting_greet,چخبرا
211,greeting_greet,چه خبر ها
212,greeting_greet,حالت خوبه
213,greeting_greet,احوالت چطوره
214,greeting_greet,اصل حالت چطوره
215,greeting_greet,اوضاع احوال خوبه
216,greeting_greet,اوضاع خوبه
217,greeting_greet,اوضاع رو به راهه
218,greeting_greet,اوضاع رو براهه
219,greeting_greet,حال شما خوبه
220,greeting_greet,حالت خوبه
221,greeting_greet,حالت چطوره
222,greeting_greet,خوبی
223,greeting_greet,خوبی عزیزم
224,greeting_greet,خوش میگذره
225,greeting_greet,خوشی
226,greeting_greet,ردیفی
227,greeting_greet,رو به راهی
228,greeting_greet,رو به رشدی
229,greeting_greet,سر حالی
230,greeting_greet,سر کیفی
231,greeting_greet,سلامتی
232,greeting_greet,سلامتی
233,greeting_greet,سلامتی
234,greeting_greet,حالت خویه سلامتی
235,greeting_greet,خوبی سلامتی
236,greeting_greet,چطوری سلامتی
237,greeting_greet,میزونی
238,greeting_greet,چاکریم
239,greeting_greet,چطوری
240,greeting_greet,چطورین
241,greeting_greet,چطوری خوبی
242,greeting_greet,کار و بار خوبه
243,greeting_greet,احوال شما
244,greeting_greet,بهتری
245,greeting_greet,چخبر
246,greeting_greet,چه طوری
247,greeting_greet,خوفی
248,greeting_greet,خوبید
249,greeting_greet,خداقوت
250,greeting_greet,خذا قوت
251,greeting_greet,خسته نباشید
252,greeting_greet,خسته نباشی
253,greeting_greet,وقت بخیر
254,greeting_greet,روز بخیر
255,greeting_greet,روز به خیر
256,greeting_greet,روزتون بخیر
257,greeting_greet,صبح به خیر
258,greeting_greet,شبتون بخیر
259,greeting_greet,ظهر بخیر
260,greeting_greet,عصرتون بخیر
261,greeting_greet,روز خوش
262,greeting_greet,شب خوش
263,greeting_greet,شبخوش
479,deny,این نادرست است
480,deny,این اطلاعات غلط است
481,deny,اشتباه می‌گویید
482,deny,این ادعا نادرست است
483,deny,این پاسخ صحیح نیست
484,deny,این نتیجه غلط است
485,deny,این نظر اشتباه است
486,deny,این مطلب نادرست است
487,deny,این اطلاعات صحیح نمی‌باشد
488,deny,این جواب نادرست است
489,deny,شما درست نمی‌گویید
490,deny,این ارزیابی اشتباه است
491,deny,این اطلاعات درست نمی‌باشد
492,deny,درست نیست
493,deny,این درست نمی‌باشد
494,deny,صحت ندارد
495,deny,این اشتباه می‌باشد
496,deny,این گفته نادرست است
497,deny,صحیح نمی‌باشد
498,deny,این برداشت غلط است
499,deny,این اطلاعات غلط می‌باشد
500,deny,این نظر نادرست می‌باشد
501,deny,این پاسخ درست نیست
502,deny,این اطلاعات نادرست می‌باشد
503,deny,این گفته صحیح نمی‌باشد
504,deny,این ادعا صحیح نیست
505,deny,درست نیست
506,deny,این اشتباهه
507,deny,نادرسته
508,deny,غلط گفتی
509,deny,این صحیح نیست
510,deny,اشتباه می‌کنی
511,deny,غلطه دیگه
512,deny,این غلطه، اشتباه گفتی
513,deny,اشتباهه این
514,deny,این درسته نیست، اشتباهه
515,deny,این حرفت غلطه
516,deny,نه، درست نیست
517,deny,حرفت درسته نیست
518,deny,این نادرسته
519,deny,نه، این اشتباهه
520,deny,نه، این غلطه
521,deny,این اشتباهه، باور کن
522,deny,داری اشتباه می‌گی
523,deny,این جواب غلطه
524,deny,حرفت اشتباهه
525,deny,این چیزی که گفتی درست نیست
526,deny,اشتباهه
527,deny,نادرسته
528,deny,درست نیست
529,deny,نه، اشتباهه
530,deny,غلط گفتی
531,deny,درسته نیست
532,deny,این غلطه
533,deny,نادرسته
534,deny,غلط گفتی
535,deny,اشتباه می‌کنی
536,deny,صحیح نیست
537,deny,اشتباه متوجه شدی
538,deny,درست نیست این
539,deny,اشتباهه این
540,deny,غلطه دیگه
541,deny,این اشتباهه
542,deny,نه، نادرسته
543,deny,این درسته نیست
544,deny,نه، این غلطه
545,deny,نادرسته این
546,deny,نه، اشتباه گفتی
547,deny,این حرف غلطه
548,deny,این اشتباهه
549,deny,نه، صحیح نیست
550,deny,حرفت غلطه
551,deny,این غلطه، قبول ندارم
552,deny,درست نمی‌گی
553,deny,نادرست گفتی
554,deny,این اشتباهه، مطمئنم
555,deny,غلط گفتی، نه
556,deny,این غلطه، نه
557,deny,نه، اینطوری نیست، غلطه
558,deny,نتیجه ای که گفتی غلطه، مطمئنم
559,deny,فکر نمی‌کنم درست باشه، اشتباهه
560,deny,اینجوری نیست که میگی، اشتباهه
561,deny,حرفت صحیح نیست، غلطه
562,deny,بررسی کردم، درست نیست، اشتباهه
563,deny,به نظرم اشتباهه، اینطوری نیست
564,deny,اینطوری نیست که گفتی، غلطه
565,deny,به نظرم اشتباهه، درست نمیگی
566,deny,نه، اشتباهه، دقیق بررسی کن
567,deny,به نظر من این اشتباهه، اینطوری نیست
568,deny,اینطوری که میگی غلطه
569,deny,کاملاً مطمئنم که اشتباهه، درست نیست
570,deny,این حرف اشتباهه، باورم نمیشه
571,deny,نتیجه‌گیری تو غلطه، اشتباهه
572,deny,حرفت اصلاً درست نیست، اشتباهه
573,deny,نمی‌تونم قبول کنم، غلطه
574,deny,اینطور نیست که گفتی، اشتباهه
575,deny,نتیجه‌گیریت صحیح نیست، غلطه
576,deny,به نظرم درست نمیگی، غلطه
577,deny,اصلاً اینطور نیست، اشتباهه
578,deny,کاملاً نادرسته، اشتباهه
579,deny,حرفت متناقضه، اشتباهه
580,deny,این حرف درست نیست، اشتباهه
581,deny,نتیجه‌گیری تو غلطه، این اشتباهه
582,deny,نه، این حرف نادرسته، اشتباهه
583,deny,فکر نمی‌کنم این درست باشه، غلطه
584,deny,به نظرم این اشتباهه، اینطوری نیست
585,deny,بررسی کردم، نتیجه‌گیریت اشتباهه، غلطه
586,deny,نه این نیست
587,deny,نه
588,deny,نه این اشتباهه
589,deny,نه این غلطه
590,deny,نه من اینو نگفتم
591,deny,نه کدملی من این نیست
592,deny,نع
1048,greeting_goodbye,خداحافظی می‌کنم
1049,greeting_goodbye,با اجازه شما خداحافظی می‌کنم
1050,greeting_goodbye,به امید دیدار، خداحافظ
1051,greeting_goodbye,موقتا خداحافظی می‌کنم
1052,greeting_goodbye,فعلا خداحافظ
1053,greeting_goodbye,تا دیدار بعدی، خداحافظ
1054,greeting_goodbye,تا وقت دیگر، خداحافظ
1055,greeting_goodbye,فعلاً بدرود
1056,greeting_goodbye,تا بعد، خداحافظ
1057,greeting_goodbye,بدرود تا دیدار بعدی
1058,greeting_goodbye,به امید دیدار دوباره، خداحافظ
1059,greeting_goodbye,برای اکنون خداحافظی می‌کنم
1060,greeting_goodbye,مجبورم خداحافظی کنم
1061,greeting_goodbye,به ناچار خداحافظی می‌کنم
1062,greeting_goodbye,دیدار به وقت دیگر، خداحافظ
1063,greeting_goodbye,با عرض خداحافظی
1064,greeting_goodbye,تا بعد، خدا نگهدار
1065,greeting_goodbye,با احترام، خداحافظ
1066,greeting_goodbye,تا زمانی دیگر، بدرود
1067,greeting_goodbye,فعلاً خدا نگهدار
1068,greeting_goodbye,باید خداحافظی کنم
1069,greeting_goodbye,ناچار به خداحافظی هستم
1070,greeting_goodbye,خدا یار شما، خداحافظ
1071,greeting_goodbye,باید از شما خداحافظی کنم
1072,greeting_goodbye,فعلاً تا دیدار بعدی، خداحافظ
1073,greeting_goodbye,خدافظ
1074,greeting_goodbye,فعلاً بای
1075,greeting_goodbye,موفق باشی، بای
1076,greeting_goodbye,بدرود
1077,greeting_goodbye,به امید دیدار، بای
1078,greeting_goodbye,تا بعد، خدافظ
1079,greeting_goodbye,وقت رفتنه، خدافظ
1080,greeting_goodbye,فعلاً خدافظی
1081,greeting_goodbye,بای بای
1082,greeting_goodbye,دیدار به وقت دیگه، خدافظ
1083,greeting_goodbye,تا بعدی، بای
1084,greeting_goodbye,فعلاً بدرود
1085,greeting_goodbye,تا فرصت بعد، بای
1086,greeting_goodbye,باید برم، خدافظ
1087,greeting_goodbye,موفق باشی، خدافظ
1088,greeting_goodbye,تا دیدار بعدی، بای بای
1089,greeting_goodbye,به امید دیدار دوباره، بای
1090,greeting_goodbye,فعلاً خداحافظی می‌کنم
1091,greeting_goodbye,تا وقت دیگه، بای
1092,greeting_goodbye,پایان مکالمه، بای بای
1093,greeting_goodbye,فعلاً بریم، بای
1094,greeting_goodbye,به زودی می‌بینمت، بای
1095,greeting_goodbye,فعلاً می‌رم، بای
1096,greeting_goodbye,تا وقتی دیگر، بای
1097,greeting_goodbye,فعلاً خداحافظی، تا دیدار دوباره
1098,greeting_goodbye,وقت خداحافظیه، بای بای
1099,greeting_goodbye,خدافظ
1100,greeting_goodbye,بای
1101,greeting_goodbye,بدرود
1102,greeting_goodbye,خدا یار
1103,greeting_goodbye,موفق باشی
1104,greeting_goodbye,تا بعد
1105,greeting_goodbye,روز خوش
1106,greeting_goodbye,تا دیدار
1107,greeting_goodbye,وقت رفتن
1108,greeting_goodbye,پایان
1109,greeting_goodbye,تا وقت دیگه
1110,greeting_goodbye,خدا نگهدار
1111,greeting_goodbye,به امید دیدار
1112,greeting_goodbye,فعلاً می‌رم
1113,greeting_goodbye,پایان مکالمه
1114,greeting_goodbye,تا بعدی
1115,greeting_goodbye,فعلاً خداحافظ
1116,greeting_goodbye,تا وقتی دیگه
1117,greeting_goodbye,به امید ملاقات
1118,greeting_goodbye,مراقب خودت باش
1119,greeting_goodbye,بای بای فعلاً
1120,greeting_goodbye,فعلاً بریم
1121,greeting_goodbye,وقت خداحافظیه
1122,greeting_goodbye,بریم تا بعد
1123,greeting_goodbye,تا دیدار دوباره
1124,greeting_goodbye,تا زمان دیگر
1125,greeting_goodbye,فعلاً مرخصی
1126,greeting_goodbye,موفق باشی تا بعد
1127,greeting_goodbye,فعلاً روز خوبی داشته باشی
1128,greeting_goodbye,فعلاً مرخصی می‌گیرم، به امید دیدار دوباره
1129,greeting_goodbye,روز خوش، باید خداحافظی کنم و به کارم برسم
1130,greeting_goodbye,پایان مکالمه، موفق باشی، خداحافظ
1131,greeting_goodbye,با آرزوی موفقیت برای شما، خداحافظی می‌کنم
1132,greeting_goodbye,فعلاً خداحافظ، باید به کارهای دیگری برسم
1133,greeting_goodbye,تا بعد، امیدوارم دوباره با هم صحبت کنیم
1134,greeting_goodbye,به امید دیدار دوباره، فعلاً خداحافظ
1135,greeting_goodbye,وقت رفتن است، خدا نگهدار
1136,greeting_goodbye,فعلاً بریم، تا فرصت بعدی
1137,greeting_goodbye,به هر حال، باید خداحافظی کنم و به کارهای دیگه برسم
1138,greeting_goodbye,مواظب خودت باش، تا دفعه بعد، خداحافظ
1139,greeting_goodbye,با سپاس از شما، وقت خداحافظیه
1140,greeting_goodbye,به هر صورت، باید خداحافظی کنم و ادامه بدم
1141,greeting_goodbye,با تشکر از شما، فعلاً خداحافظی می‌کنم
1142,greeting_goodbye,به امید دیدار دوباره، فعلاً خداحافظ
1143,greeting_goodbye,به زودی می‌بینمت، اما فعلاً خداحافظ
1144,greeting_goodbye,پایان مکالمه، خدا نگهدار
1145,greeting_goodbye,فعلاً بای بای، امیدوارم روزت خوب باشه
1146,greeting_goodbye,وقت خداحافظی است، به امید دیدار دوباره
1147,greeting_goodbye,فعلاً باید خداحافظی کنم، مراقب خودت باش
1148,greeting_goodbye,خداحافظ
1149,greeting_goodbye,خدا پشت و پناهت
1150,greeting_goodbye,با اجازه من برم
1151,greeting_goodbye,تا بعد
1152,greeting_goodbye,خدا به همرات
1153,greeting_goodbye,خدا نگه دار
1154,greeting_goodbye,خدا نگهدار
1155,greeting_goodbye,خداحافظ تا بعد
1156,greeting_goodbye,خداحافظی
1157,greeting_goodbye,سلام برسون
1158,greeting_goodbye,فعلا
1159,greeting_goodbye,من برم خدافظ
1160,greeting_goodbye,من رفتم خدافظ
1161,greeting_goodbye,می بینمت
1162,greeting_goodbye,می بینمت فعلا خداحافظ
1163,greeting_goodbye,کاری نداری
1164,greeting_goodbye,خدا حافظ عزیز دلم
1782,greeting_hello,درود بر شما
1783,greeting_hello,سلام و عرض ادب
1784,greeting_hello,وقت بخیر
1785,greeting_hello,با سلام خدمت شما
1786,greeting_hello,سلام و درود
1787,greeting_hello,سلام و احترام
1788,greeting_hello,سلام، حال شما؟
1789,greeting_hello,سلام، روز خوش
1790,greeting_hello,سلام بر شما
1791,greeting_hello,سلام، خوش آمدید
1792,greeting_hello,سلام و خداقوت
1793,greeting_hello,سلام و خسته نباشید
1794,greeting_hello,سلام و احترام خدمت شما
1795,greeting_hello,سلام و شادباش
1796,greeting_hello,سلام بر شما عزیزان
1797,greeting_hello,سلام و درود فراوان
1798,greeting_hello,سلام و روزتان خوش
1799,greeting_hello,سلام و امید به روزی شاد
1800,greeting_hello,سلام و احترام ویژه
1801,greeting_hello,سلام، چگونه هستید؟
1802,greeting_hello,سلام و خوشحالم از شنیدن صدایتان
1803,greeting_hello,سلام، خوش آمدید به این تماس
1804,greeting_hello,سلام، روز خوبی داشته باشید
1805,greeting_hello,سلام، لحظات خوبی را سپری کنید
1806,greeting_hello,سلام و بهترین آرزوها برای شما
1807,greeting_hello,چطوری؟
1808,greeting_hello,چطور مطوری؟
1809,greeting_hello,سلام دوست من
1810,greeting_hello,سلام خواهر
1811,greeting_hello,سلام به روی ماهت
1812,greeting_hello,چکار می‌کنی؟
1813,greeting_hello,سلام عزیز
1814,greeting_hello,سلام مهربون
1815,greeting_hello,سلام خوشگلم
1816,greeting_hello,سلام بابا
1817,greeting_hello,سلامی دوباره
1818,greeting_hello,چطوری خواهر؟
1819,greeting_hello,سلام مجدد
1820,greeting_hello,چطوری هم‌وطن؟
1821,greeting_hello,حالت چطوره؟
1822,greeting_hello,سلام رفیق قدیمی
1823,greeting_hello,سلام به همه
1824,greeting_hello,سلام مجدد
1825,greeting_hello,چطور پیش می‌ره؟
1826,greeting_hello,چطور می‌گذره؟
1827,greeting_hello,چه خبر از خودت؟
1828,greeting_hello,سلام، حالت خوبه؟
1829,greeting_hello,سلام، روزت بخیر
1830,greeting_hello,چه طوریا؟
1831,greeting_hello,چطوری خوشگلم؟
1832,greeting_hello,درود
1833,greeting_hello,وقت بخیر
1834,greeting_hello,روز بخیر
1835,greeting_hello,سلام و احترام
1836,greeting_hello,سلام بر شما
1837,greeting_hello,سلام و خداقوت
1838,greeting_hello,سلام و خوش آمدید
1839,greeting_hello,سلام خدمت شما
1840,greeting_hello,سلام و روزتان خوش
1841,greeting_hello,سلام و احترام خدمت شما
1842,greeting_hello,سلام و وقت شما به‌خیر
1843,greeting_hello,سلام و روز خوبی داشته باشید
1844,greeting_hello,سلام، چگونه‌اید؟
1845,greeting_hello,سلام، حال شما؟
1846,greeting_hello,سلام و وقت بخیر
1847,greeting_hello,سلام و روز خوش
1848,greeting_hello,سلامی گرم
1849,greeting_hello,سلام و احترام
1850,greeting_hello,سلام به شما
1851,greeting_hello,سلام و احترام به شما
1852,greeting_hello,سلام و حال شما؟
1853,greeting_hello,سلام و وقت شما بخیر
1854,greeting_hello,سلام و عرض ادب خدمت شما
1855,greeting_hello,سلام و عرض احترام
1856,greeting_hello,سلام و عرض خسته نباشید
1857,greeting_hello,سلام، امیدوارم که حالتون خوب باشه و روز خوبی رو سپری کرده باشید.
1858,greeting_hello,سلام، روزتون بخیر باشه، چطورید؟ حالتون چطوره؟
1859,greeting_hello,سلام خدمت شما، امیدوارم که حال و احوالتون خوب باشه و روز خوبی رو داشته باشید.
1860,greeting_hello,سلام و عرض ادب، امیدوارم که لحظات خوبی رو سپری کنید و همه چیز بر وفق مرادتون باشه.
1861,greeting_hello,سلام بر شما، امیدوارم که روز خوبی رو سپری کرده باشید و حالتون خوب باشه.
1862,greeting_hello,سلام، امیدوارم که روزتون عالی بوده باشه و همه چیز خوب پیش بره.
1863,greeting_hello,سلام و احترام، امیدوارم که حال و احوالتون خوب باشه و روز خوبی داشته باشید.
1864,greeting_hello,سلام خدمت شما، امیدوارم که امروزتون پر از خوشی و موفقیت بوده باشه.
1865,greeting_hello,سلام، وقت شما بخیر، امیدوارم که روز خوبی رو سپری کرده باشید و حالتون خوب باشه.
1866,greeting_hello,سلام و عرض ادب خدمت شما، امیدوارم که روزتون عالی بوده باشه و همه چیز خوب پیش بره.
1867,greeting_hello,سلام بر شما، امیدوارم که روز خوبی رو سپری کرده باشید و همه چیز خوب پیش بره.
1868,greeting_hello,سلام و عرض ادب، امیدوارم که لحظات خوبی رو سپری کنید و روزتون عالی باشه.
1869,greeting_hello,سلام، وقت بخیر، امیدوارم که امروزتون پر از خوشی و موفقیت بوده باشه.
1870,greeting_hello,سلام و احترام خدمت شما، امیدوارم که حال و احوالتون خوب باشه و روز خوبی داشته باشید.
1871,greeting_hello,سلام، امیدوارم که روزتون خوب گذشته باشه و همه چیز بر وفق مرادتون باشه.
1872,greeting_hello,سلام و عرض ادب خدمت شما، امیدوارم که حالتون خوب باشه و روزتون پر از انرژی مثبت باشه.
1873,greeting_hello,سلام، وقتتون بخیر، امیدوارم که امروز روز موفقی برای شما بوده باشه.
1874,greeting_hello,سلام، امیدوارم که حالتون خوب باشه و روز خوبی داشته باشید.
1875,greeting_hello,سلام خدمت شما، امیدوارم که همه چیز خوب پیش بره و روزتون عالی باشه.
1876,greeting_hello,سلام، امیدوارم که لحظات خوبی رو سپری کنید و روز پر از خوشی داشته باشید.
1877,greeting_hello,سلام و عرض ادب، امیدوارم که روزتون پر از خوشی و موفقیت باشه.
1878,greeting_hello,سلام، امیدوارم که امروز روز موفقی برای شما بوده باشه و لحظات خوبی رو سپری کنید.
1879,greeting_hello,سلام و احترام، امیدوارم که روزتون عالی باشه و همه چیز خوب پیش بره.
1880,greeting_hello,سلام، امیدوارم که روز خوبی داشته باشید و همه چیز بر وفق مرادتون باشه.
1881,greeting_hello,سلام، امیدوارم که لحظات خوبی رو سپری کنید و روز پر از خوشی داشته باشید.
1882,greeting_hello,سلام بر شما، امیدوارم که روز خوبی رو سپری کرده باشید و حالتون عالی باشه.
1883,greeting_hello,سلام و عرض ادب، امیدوارم که روزتون پر از انرژی مثبت باشه و همه چیز بر وفق مرادتون باشه.
1884,greeting_hello,سلام
1885,greeting_hello,سلام و درود
1886,greeting_hello,السلام علیکم
1887,greeting_hello,سلام بر شما
1888,greeting_hello,سلام علیک
1889,greeting_hello,سلام عزیزم
1890,greeting_hello,سلام خانم
1891,greeting_hello,سلام آقا
1892,greeting_hello,سلام و عرض ادب
2005,affirm,آری، درست است
2006,affirm,بله، صحیح می‌باشد
2007,affirm,بله، همین‌طور است
2008,affirm,درست می‌فرمایید
2009,affirm,بله، همان است
2010,affirm,کاملاً درست است
2011,affirm,بله، موافقم
2012,affirm,آری، چنین است
2013,affirm,بله، به همین صورت
2014,affirm,بله، این‌طور است
2015,affirm,درست گفتید
2016,affirm,دقیقاً همین‌طور است
2017,affirm,بله، عیناً همین است
2018,affirm,صحیح است
2019,affirm,کاملاً صحیح است
2020,affirm,قطعاً همین‌طور است
2021,affirm,بی‌گمان درست است
2022,affirm,بله، کاملاً دقیق است
2023,affirm,آری، بی‌تردید
2024,affirm,بله، عین حقیقت است
2025,affirm,صحیح است، همان‌گونه که گفتید
2026,affirm,بله، هیچ شکی در آن نیست
2027,affirm,بله، درست برداشت کرده‌اید
2028,affirm,بله، هیچ اختلافی نیست
2029,affirm,کاملاً درسته
2030,affirm,بله، بی‌نقص است
2031,affirm,بله، چنین گفته‌اید
2032,affirm,بله، بدون شک
2033,affirm,بله، دقیقاً مطابق با حقیقت است
2034,affirm,بله، همینه
2035,affirm,آره، دقیقاً همینه
2036,affirm,بله، دقیقاً
2037,affirm,آره، همین‌جوره
2038,affirm,آره، همینه که گفتی
2039,affirm,آره، درسته
2040,affirm,آره، همینه که هست
2041,affirm,آره، موافقم
2042,affirm,آره، این‌طور می‌بینم
2043,affirm,آره، همین‌جوریه
2044,affirm,آره، بی‌شک
2045,affirm,آره، دقیقاً همینه که گفتی
2046,affirm,آره، همین‌طور که می‌گی
2047,affirm,آره، صحیح گفتی
2048,affirm,آره، قطعاً
2049,affirm,حتماً، درسته
2050,affirm,آره، همین‌طور که می‌گی
2051,affirm,بله، دقیقاً همینه
2052,affirm,آره، بدون شک
2053,affirm,آره، موافقم باهات
2054,affirm,آره، صد درصد
2055,affirm,بله، همینه که می‌گی
2056,affirm,آره، درست می‌فهمی
2057,affirm,آره، حرفت درسته
2058,affirm,آره، دقیقاً همین‌طور می‌بینم
2059,affirm,آره، همینه که می‌گی
2060,affirm,آره، درسته می‌گی
2061,affirm,آره، کاملاً موافقم
2062,affirm,آره، درسته
2063,affirm,بله، همینه
2064,affirm,آره، همین‌طور
2065,affirm,بله، کاملاً
2066,affirm,آره، درست
2067,affirm,بله، قطعاً
2068,affirm,آره، صحیح
2069,affirm,بله، همین‌طوره
2070,affirm,بله، موافقم
2071,affirm,بله، همین‌طور که گفتی
2072,affirm,آره، کاملاً
2073,affirm,بله، همینه که هست
2074,affirm,آره، موافقم باهات
2075,affirm,بله، بی‌شک
2076,affirm,درسته؟
2077,affirm,همینه؟
2078,affirm,قطعیه؟
2079,affirm,درست متوجه شدم؟
2080,affirm,قبول داری؟
2081,affirm,مطمئنی؟
2082,affirm,کاملاً درسته؟
2083,affirm,بی‌شک درسته؟
2084,affirm,صحیحه؟
2085,affirm,این‌طور که گفتی؟
2086,affirm,بی‌چون و چرا؟
2087,affirm,کاملاً متوجه شدم؟
2088,affirm,صحت داره؟
2089,affirm,واقعاً همین‌طوره؟
2090,affirm,آره، کاملاً درسته، همینی که گفتید.
2091,affirm,بله، موافقم با حرفتون، دقیقاً همین‌طور هست.
2092,affirm,آره، درسته، کاملاً مطابق با چیزی که اشاره کردید.
2093,affirm,بله، همین‌طور که می‌گید، هیچ تفاوتی نداره.
2094,affirm,آره، حرف شما کاملاً درسته، هیچ اختلاف نظری نیست.
2095,affirm,بله، درسته، همین‌طور که اشاره کردید.
2096,affirm,آره، دقیقاً همینی که شما گفتید، هیچ تغییری نیست.
2097,affirm,بله، کاملاً صحیح، همونی که گفتید.
2098,affirm,بله، همون‌طور که فرمودید، کاملاً درسته.
2099,affirm,آره، کاملاً همین‌طور که گفتید، درسته.
2100,affirm,بله، همون چیزی که اشاره کردید، صحیحه.
2101,affirm,بله، همین‌طور که می‌گید، درسته.
2102,affirm,آره، قطعاً همینه که فرمودید، هیچ شکی نیست.
2103,affirm,قطعاً، همینه که گفتید، هیچ تردیدی نیست.
2104,affirm,بله، شما درست فرمودید، همین‌طوره.
2105,affirm,آره، مطمئنم، دقیقاً همینه.
2106,affirm,آره، قطعاً، همین‌طور که اشاره کردید.
2107,affirm,بله، همون‌طور که توضیح دادید، درسته.
2108,affirm,آره، درسته، هیچ شکی نیست.
2109,affirm,بله، حرف شما کاملاً درسته، هیچ اختلافی نیست.
2110,affirm,آره، موافقم، همون‌طور که گفتید.
2111,affirm,بله، دقیقاً همینی که شما گفتید.
2112,affirm,آره، قطعاً همین‌طوره، درست فرمودید.
2113,affirm,بله، هیچ شکی نیست، درست گفتید.
2114,affirm,بله، مطمئنم که همینه.
2115,affirm,آره، کاملاً صحیحه، همون‌طور که گفتید.
2116,affirm,بله، درسته، هیچ تفاوتی نداره.
2117,affirm,آره، همینی که شما می‌فرمایید.
2118,affirm,بله، موافقم، درست گفتید.
2119,affirm,بله، کاملاً همین‌طور که شما بیان کردید.
2120,affirm,آره، دقیقا
2121,affirm,درسته
2122,affirm,آره درسته
2123,affirm,بله همینه
2124,affirm,بلی
2125,affirm,یس
2126,affirm,درسته درسته
2127,affirm,آری
2385,help,چطور کار می‌کنید؟
2386,help,روش کار شما به چه صورت است؟
2387,help,روال کار شما چگونه است؟
2388,help,شما چگونه کار می‌کنید؟
2389,help,شیوه کار شما چیست؟
2390,help,مکانیزم کار شما به چه شکل است؟
2391,help,می‌توانید نحوه کارتان را توضیح دهید؟
2392,help,چگونگی کار شما چگونه است؟
2393,help,روش عملکرد شما چیست؟
2394,help,مراحل کار شما چگونه است؟
2395,help,می‌شود روال کاری‌تان را توضیح دهید؟
2396,help,فرآیند کاری شما به چه صورت است؟
2397,help,لطفاً شیوه کارتان را شرح دهید
2398,help,می‌توانید مکانیزم کاری خود را توضیح دهید؟
2399,help,روش انجام کار شما چگونه است؟
2400,help,لطفاً فرآیند کار خود را توضیح دهید
2401,help,می‌شود درباره نحوه کارتان توضیح دهید؟
2402,help,می‌توانید روال کاری‌تان را شرح دهید؟
2403,help,نحوه انجام کار شما چیست؟
2404,help,لطفاً شیوه انجام کار خود را بگویید
2405,help,مراحل کاری شما به چه صورت است؟
2406,help,چگونه کارتان را انجام می‌دهید؟
2407,help,روال انجام کار شما چیست؟
2408,help,مکانیزم عملکرد شما چگونه است؟
2409,help,مراحل انجام کار شما چیست؟
2410,help,چطور می‌توانم با نحوه کار شما آشنا شوم؟
2411,help,جزئیات کار شما به چه صورت است؟
2412,help,روند کار شما چگونه است؟
2413,help,می‌توانید توضیح دهید که کارتان چگونه پیش می‌رود؟
2414,help,سیستم کاری شما چیست؟
2415,help,روش‌های کار شما به چه شکل است؟
2416,help,نحوه پیشبرد کارتان چیست؟
2417,help,می‌شود روش کارتان را توضیح دهید؟
2418,help,از چه روشی برای کارتان استفاده می‌کنید؟
2419,help,چطور کارتان را پیش می‌برید؟
2420,help,می‌توانید روال انجام کار خود را توضیح دهید؟
2421,help,می‌شود مراحل کارتان را بگویید؟
2422,help,روند انجام کار شما چیست؟
2423,help,مکانیزم کار شما چگونه پیش می‌رود؟
2424,help,شیوه انجام کار شما چیست؟
2425,help,چجوری کار می‌کنی؟
2426,help,کارت رو چطوری انجام می‌دی؟
2427,help,مکانیزمت چیه؟
2428,help,روال کارت چطوریه؟
2429,help,چطور کارتو پیش می‌بری؟
2430,help,روش کاریت چیه؟
2431,help,چیکار می‌کنی؟
2432,help,کارتو چطور انجام می‌دی؟
2433,help,فرآیند کارت چطوریه؟
2434,help,چه جوری کار می‌کنی؟
2435,help,چطوری کارتو جلو می‌بری؟
2436,help,سیستم کارت چیه؟
2437,help,چطور این کارو می‌کنی؟
2438,help,چه مدلی کار می‌کنی؟
2439,help,چطوری کارت رو پیش می‌بری؟
2440,help,چجوری کارت رو انجام می‌دی؟
2441,help,کارت چه جوری پیش می‌ره؟
2442,help,چطور این کارو پیش می‌بری؟
2443,help,چه شکلی کار می‌کنی؟
2444,help,چطور کارت رو انجام می‌دی؟
2445,help,کارتو چه طوری انجام می‌دی؟
2446,help,می‌شه بگی چطوری کار می‌کنی؟
2447,help,راه کارت چیه؟
2448,help,می‌خوام بدونم چجوری کار می‌کنی؟
2449,help,روشت برای کار چیه؟
2450,help,چه جوری کارت رو پیش می‌بری؟
2451,help,چطوری این کار رو می‌کنی؟
2452,help,چه جوری کارتو جلو می‌بری؟
2453,help,نحوه کارت چطوریه؟
2454,help,چطوری این کار رو انجام می‌دی؟
2455,help,چطور این کار رو جلو می‌بری؟
2456,help,کارتو چه جوری پیش می‌بری؟
2457,help,فرآیند کارت چطوریه؟
2458,help,چه طوری کارت رو می‌کنی؟
2459,help,چطوری انجامش می‌دی؟
2460,help,چه شکلی این کارو انجام می‌دی؟
2461,help,کارت رو چه طوری پیش می‌بری؟
2462,help,چه جوری کارت رو پیش می‌بری؟
2463,help,چطور کار می‌کنی؟
2464,help,چه مدلی این کار رو انجام می‌دی؟
2465,help,چجوری کار می‌کنی؟
2466,help,کارت چطوریه؟
2467,help,چطور انجامش می‌دی؟
2468,help,روشت چیه؟
2469,help,چیکار می‌کنی؟
2470,help,چه جوری انجام می‌دی؟
2471,help,نحوه کارت؟
2472,help,کارت چطور پیش می‌ره؟
2473,help,روش کاریت چطوره؟
2474,help,چه مدلی کار می‌کنی؟
2475,help,روشت چطوریه؟
2476,help,کارتو چطور می‌کنی؟
2477,help,چطور جلو می‌ری؟
2478,help,چی کار می‌کنی؟
2479,help,چطور پیش می‌بری؟
2480,help,مکانیزمت چیه؟
2481,help,چطوری پیش می‌ری؟
2482,help,روش انجام کارت؟
2483,help,چی‌جوری پیش می‌ری؟
2484,help,فرآیند کارت چیه؟
2485,help,نحوه کارت چطوره؟
2486,help,چطور کارتو انجام می‌دی؟
2487,help,سیستم کارت چطوریه؟
2488,help,کارتو چه جوری انجام می‌دی؟
2489,help,روال کارت چیه؟
2490,help,مکانیزمت چطوریه؟
2491,help,چطور پیش می‌بری؟
2492,help,روش کاریت چطوریه؟
2493,help,چجوری پیش می‌ری؟
2494,help,کارتو چه مدلی انجام می‌دی؟
2495,help,چه جوری کارت رو پیش می‌بری؟
2496,help,کارت چطوری پیش می‌ره؟
2497,help,چطوری این کارو انجام می‌دی؟
2498,help,روشت برای کار چیه؟
2499,help,چی کار می‌کنی؟
2500,help,چه طوری کار می‌کنی؟
2501,help,چه مدلی انجام می‌دی؟
2502,help,چطوری انجامش می‌دی؟
2503,help,مراحل کارت چیه؟
2504,help,چطور پیش می‌ری؟
2505,help,می‌تونی توضیح بدی که دقیقاً چه جوری کارتو انجام می‌دی و روشت چیه؟
2506,help,چطور می‌تونی بگی که کارهای روزانه‌ات رو به چه شکلی پیش می‌بری؟
2507,help,میشه توضیح بدی که فرآیند کارت چطور پیش می‌ره و چه مراحلی رو طی می‌کنی؟
2508,help,من دوست دارم بدونم که چطوری کارت رو انجام می‌دی و روشت چیه؟
2509,help,لطفاً بگو که نحوه انجام کارت به چه صورته و چطور پیش می‌ره؟
2510,help,چه مراحلی رو برای انجام کارت طی می‌کنی و چطوری پیش می‌بری؟
2511,help,اگر می‌تونی بگو که دقیقاً چطور کار می‌کنی و روشت چیه؟
2512,help,چطور می‌شه فهمید که کارت رو چطور انجام می‌دی و از چه روشی استفاده می‌کنی؟
2513,help,روال کاری‌ات چطوریه و چه مراحلی رو طی می‌کنی؟
2514,help,چگونه می‌تونی توضیح بدی که کارهای روزانه‌ات رو چطور انجام می‌دی؟
2515,help,آیا می‌شه بگی که دقیقاً کارت رو به چه شکلی پیش می‌بری؟
2516,help,فرآیند کاری‌ات به چه صورته و چطور پیش می‌ره؟
2517,help,مراحل انجام کارت چطوریه و چطور پیش می‌ری؟
2518,help,می‌تونی بگی که کارت رو چطور انجام می‌دی و از چه روشی استفاده می‌کنی؟
2519,help,نحوه انجام کارت چطوریه و روشت چیه؟
2520,help,چه روالی رو برای کارت طی می‌کنی و چطور پیش می‌ری؟
2521,help,آیا می‌تونی توضیح بدی که کارت چطور پیش می‌ره و چطوری انجامش می‌دی؟
2522,help,لطفاً بگو که فرآیند کارت چطوریه و چطور پیش می‌ره؟
2523,help,چه مراحلی رو برای انجام کارت طی می‌کنی و چطور پیش می‌ری؟
2524,help,می‌تونی بگی که دقیقاً کارت رو به چه شکلی پیش می‌بری و از چه روشی استفاده می‌کنی؟
2525,help,لطفاً توضیح بده که چگونه کارهایت را انجام می‌دهی و از چه روشی استفاده می‌کنی؟
2526,help,می‌تونی بگی که فرآیند کارت چطور پیش می‌ره و چه تکنیکی استفاده می‌کنی؟
2527,help,چه مراحلی رو برای انجام کارت طی می‌کنی و چطور به نتیجه می‌رسی؟
2528,help,من علاقه‌مندم بدونم که روال کاری‌ات چطوریه و چطور انجامش می‌دی؟
2529,help,می‌تونی توضیح بدی که چطور کارهای روزانه‌ات رو مدیریت می‌کنی و چطور پیش می‌ری؟
2530,help,لطفاً بگو که کارت چطور پیش می‌ره و چه روشی داری؟
2531,help,چه مراحلی رو در فرآیند کاری‌ات طی می‌کنی و چطور پیشرفت می‌کنی؟
2532,help,می‌تونی بگی که دقیقاً چطور کارت رو انجام می‌دی و از چه روشی استفاده می‌کنی؟
2533,help,نحوه انجام کارت به چه صورته و چطور پیش می‌ری؟
2534,help,آیا می‌تونی توضیح بدی که کارهای روزانه‌ات رو به چه شکلی پیش می‌بری؟
2535,help,فرآیند کارت به چه صورته و چطور انجامش می‌دی؟
2536,help,مراحلی که برای انجام کارت طی می‌کنی چی هستن و چطور پیشرفت می‌کنی؟
2537,help,می‌تونی بگی که چطور کارت رو انجام می‌دی و از چه تکنیکی استفاده می‌کنی؟
2538,help,روال کاری‌ات به چه صورته و چطور پیش می‌ری؟
2539,help,لطفاً توضیح بده که چطور کارت رو انجام می‌دی و چه روشی استفاده می‌کنی؟
2540,help,چطور می‌شه فهمید که کارت رو چطور پیش می‌بری و از چه روشی استفاده می‌کنی؟
2541,help,چه مراحلی رو برای پیشبرد کارت طی می‌کنی و چطور موفق می‌شی؟
2542,help,آیا می‌تونی بگی که فرآیند کاری‌ات چطوریه و چطور پیش می‌ره؟
2543,help,می‌تونی بگی که چطور کارت رو به نتیجه می‌رسونی و چه روشی داری؟
2544,help,نحوه انجام کارت به چه شکلیه و چطور پیشرفت می‌کنی؟
2545,help,help
2546,help,تو چطوری کار میکنی
2547,help,دیگه چی بلدی؟
2548,help,راهنما
2549,help,راهنما را بیار
2550,help,راهنما رو بیار
2551,help,راهنما رو میخوام
2552,help,راهنما رو نشون بده
2553,help,راهنمایی کن
2554,help,لطفا راهنمایی بفرمایید
2555,help,لطفا منو راهنمایی کن
2556,help,منو
2557,help,منو رو بیار
2558,help,منو رو نشون بده
2559,help,نحوه کارکرد
2560,help,نحوه کارکرد شما چگونه است
2561,help,چجوری کار میکنی
2562,help,چطور باهات کار کنم
2563,help,چطور میشه با تو کار کرد
2564,help,چطور کار میکنی
2565,help,چطوری کار میکنی
2566,help,چه خدمتی میتونی ارائه بدی
2567,help,چه خدمتی میتونی بکنی
2568,help,چه طور میشه با تو کار کرد
2569,help,چه کار بلدی ؟
2570,help,چه کار میتونی بکنی
2571,help,چه کارا انجام میدی
2572,help,چه کارا بلدی؟
2573,help,چه کارا میتونی انجام بدی
2574,help,چه کارا میتونی بکنی
2575,help,چه کارایی انجام میدی
2576,help,چه کارایی بلدی
2577,help,چه کارایی میتونی انجام بدی
2578,help,چه کارایی میتونی انجام بدی؟؟
2579,help,چه کارایی میتونی بکنی
2580,help,چه کارهای بلدی
2581,help,چه کارهایی برای من می توانید انجام دهید
2582,help,چه کارهایی میتونی انجام بدی
2583,help,چه کاری میتونی بکنی
2584,help,چه کمکی می‌تونی انجام بدی
2585,help,چی بلدی
2586,help,چی داری برام
2587,help,چی داری برامون
2588,help,چی چی بلدی
2589,help,چیا بلدی
2590,help,چیا بلدی؟
2591,help,چیکار میتونی برام بکنی
2592,help,کمک کن
2593,help,هلپ
2594,help,کمک
2595,help,به چه دردی میخوری
2596,help,جدیدا چیا بلد شدی؟
2597,help,از خودت بگو
2598,help,کار جدیدی یاد نگرفتی؟
2599,help,یک بار دیگه بگو چه کار هایی میکنی
2600,help,تو چی بلدی
2601,help,چیکارا می تونی بکنی
2602,help,چطور میشه باهات حرف زد ؟
2603,help,چیکار بلدی بکنی
2604,help,چکار بلدی
2605,help,چیکار میتونی انجام بدی
2606,help,دیگه چه امکاناتی داری؟
2607,help,چیزی بلدی
2608,help,چه کاری بلدی
2609,help,چکاری ازت برمیاد؟
2610,help,چه کاری بلد
2611,help,من گفتم لیست کارهایی که بلدی بیار
2612,help,خدماتت چیه؟
2613,help,چکاری ازت بر میاد
2614,help,چه  کاری ازت بر میاد
2615,help,چه چیزهایی یاد گرفتی
2616,help,ج کار میکنی
2617,help,میگم چی بلدی
2618,help,چه قابلیت هایی داری ؟
2619,help,چت بات تهران من به چه دردی میخوره؟
2620,help,چه سوالایی رو میتونی جواب بدی؟
2621,cancel,نمی‌خواهم ادامه دهم
2622,cancel,از ادامه‌ی این کار صرف‌نظر کردم
2623,cancel,مایل به ادامه‌ی این فرآیند نیستم
2624,cancel,انجام این کار را متوقف کن
2625,cancel,نیازی به ادامه‌ی این کار ندارم
2626,cancel,قصد ادامه دادن ندارم
2627,cancel,تصمیم به توقف این کار گرفتم
2628,cancel,از ادامه‌ی این مسیر صرف‌نظر کردم
2629,cancel,این کار را ادامه نمی‌دهم
2630,cancel,تصمیم به کنسل کردن دارم
2631,cancel,انجام این کار دیگر ضروری نیست
2632,cancel,ادامه‌ی این کار لازم نیست
2633,cancel,لطفاً فرآیند را متوقف کنید
2634,cancel,از پیگیری این مورد صرف‌نظر کردم
2635,cancel,دیگر نیازی به ادامه ندارم
2636,cancel,نمی‌خواهم این کار را انجام دهم
2637,cancel,انجام این کار را نمی‌خواهم
2638,cancel,از پیگیری این موضوع منصرف شدم
2639,cancel,تصمیم به متوقف کردن این کار گرفتم
2640,cancel,نیازی به ادامه‌ی این فرآیند ندارم
2641,cancel,نمی‌خواهم این فرآیند را ادامه دهم
2642,cancel,از ادامه دادن منصرف شدم
2643,cancel,دیگر نمی‌خواهم این کار را پیش ببرم
2644,cancel,لطفاً این کار را متوقف کنید
2645,cancel,نیازی به ادامه‌ی این اقدام نیست
2646,cancel,تصمیم به توقف فرآیند گرفتم
2647,cancel,ادامه دادن این کار را نمی‌خواهم
2648,cancel,انجام این کار را نمی‌پذیرم
2649,cancel,دیگر قصد ادامه‌ی این مسیر را ندارم
2650,cancel,لطفاً کار را کنسل کنید
2651,cancel,از ادامه‌ی این اقدام معافم
2652,cancel,از پیشبرد این کار منصرف شدم
2653,cancel,دیگر نیازی به این کار ندارم
2654,cancel,تصمیم به پایان دادن به این کار گرفتم
2655,cancel,ادامه‌ی این موضوع لازم نیست
2656,cancel,لطفاً پیگیری را متوقف کنید
2657,cancel,از ادامه‌ی این برنامه منصرف شدم
2658,cancel,انجام این فرآیند را متوقف کنید
2659,cancel,نیازی به پیگیری این موضوع ندارم
2660,cancel,از ادامه‌ی این پروژه صرف‌نظر کردم
2661,cancel,دیگه نمی‌خوام ادامه بدم
2662,cancel,بیخیال، ادامه نمی‌دم
2663,cancel,نمی‌خوام دیگه پیگیری کنم
2664,cancel,از پیگیریش صرف‌نظر کردم
2665,cancel,لطفاً ادامه نده
2666,cancel,نمی‌خوام این کارو انجام بدم
2667,cancel,ولش کن، منصرف شدم
2668,cancel,دیگه نیازی نیست ادامه بدی
2669,cancel,نمی‌خوام پیش ببرم
2670,cancel,کنسلش کن
2671,cancel,دیگه ضرورتی نداره
2672,cancel,بی‌خیال، نمی‌خوام ادامه بدم
2673,cancel,پیگیری لازم نیست
2674,cancel,نیازی به ادامه نیست
2675,cancel,نظرم عوض شد، دیگه نمی‌خوام
2676,cancel,لطفاً بیخیالش شو
2677,cancel,از ادامه‌ی این کار منصرف شدم
2678,cancel,دیگه ادامه نمی‌دم
2679,cancel,کار رو متوقف کن
2680,cancel,دیگه این مسیر رو نمی‌خوام پیش ببرم
2681,cancel,دیگه نمی‌خوام کاری کنم
2682,cancel,ادامه نده، منصرف شدم
2683,cancel,نمی‌خوام دیگه پیش برم
2684,cancel,دیگه نیاز نیست پیگیری کنی
2685,cancel,بیخیالش شو
2686,cancel,لطفاً ادامه نده
2687,cancel,نظرم عوض شد، نمی‌خوام
2688,cancel,از ادامه‌ دادن پشیمون شدم
2689,cancel,دیگه نیازی نیست کاری کنی
2690,cancel,ولش کن، نمی‌خوام ادامه بدم
2691,cancel,بی‌خیال، نمی‌خوام دیگه
2692,cancel,نیازی به ادامه‌ی کار نیست
2693,cancel,لطفاً دیگه پیگیری نکن
2694,cancel,نمی‌خوام بیشتر از این ادامه بدم
2695,cancel,از ادامه منصرف شدم
2696,cancel,ادامه‌ دادن لازم نیست
2697,cancel,دیگه نمی‌خوام این مسیر رو برم
2698,cancel,کاری نکن، منصرف شدم
2699,cancel,دیگه نمی‌خوام پیگیری کنم
2700,cancel,متوقفش کن، نمی‌خوام ادامه بدم
2701,cancel,نمی‌خوام ادامه بدم
2702,cancel,پشیمون شدم
2703,cancel,دیگه نمی‌خوام
2704,cancel,متوقفش کن
2705,cancel,منصرف شدم
2706,cancel,ادامه نده
2707,cancel,کنسل کن
2708,cancel,نمی‌خوام پیش برم
2709,cancel,بیخیال
2710,cancel,ولش کن
2711,cancel,پیگیری نکن
2712,cancel,نیاز نیست
2713,cancel,متوقف
2714,cancel,نه، نمی‌خوام
2715,cancel,نظرم عوض شد
2716,cancel,نمی‌خوام ادامه بدم
2717,cancel,نیازی نیست
2718,cancel,ادامه ندین
2719,cancel,دست نگه دار
2720,cancel,کارت رو متوقف کن
2721,cancel,دیگه نمی‌خوام پیگیری کنم
2722,cancel,بیخیالش شو
2723,cancel,دیگه لازم نیست
2724,cancel,نمی‌خوام ادامه بدم
2725,cancel,ولش کن
2726,cancel,پشیمون شدم، نمی‌خوام
2727,cancel,پیگیری نکن
2728,cancel,نمی‌خوام بیشتر ادامه بدم
2729,cancel,لازم نیست ادامه بدی
2730,cancel,ادامه ندین لطفاً
2731,cancel,بی‌خیال شو
2732,cancel,نمی‌خوام دیگه
2733,cancel,لطفاً پیگیری نکن
2734,cancel,دیگه نیازی نیست
2735,cancel,پیگیری لازم نیست
2736,cancel,بی‌خیال، نمی‌خوام
2737,cancel,انجام نده
2738,cancel,نیازی نیست پیگیری کنی
2739,cancel,پیگیری نکن لطفاً
2740,cancel,دیگه نمی‌خوام کاری کنم
2741,cancel,نمی‌خوام ادامه بدم چون فکر می‌کنم این کار دیگه لازم نیست و بهتره وقت و انرژی‌م رو جای دیگه‌ای صرف کنم.
2742,cancel,از ادامه‌ی این کار منصرف شدم چون به نظرم الان دیگه این موضوع اهمیت قبلی رو نداره.
2743,cancel,مایل به ادامه‌ی این فرآیند نیستم چون احساس می‌کنم دیگه به نتیجه نمی‌رسیم و بهتره تمرکزمون رو به چیز دیگه‌ای معطوف کنیم.
2744,cancel,ولش کن، چون فکر می‌کنم این مسیر دیگه به جایی نمی‌رسه و بهتره متوقفش کنیم.
2745,cancel,بیخیال شدم و نمی‌خوام ادامه بدم چون حس می‌کنم این موضوع اهمیتش رو از دست داده.
2746,cancel,نه نمی‌خوام اینکارو انجام بدم چون به نظرم دیگه ضرورتی نداره و می‌تونیم وقتمون رو به کار دیگه‌ای اختصاص بدیم.
2747,cancel,نظر من عوض شد، نیازی به انجام این کار ندارم چون به نظرم دیگه این موضوع فوریت نداره.
2748,cancel,نظرم عوض شد و دیگه نمی‌خوام ادامه بدم چون به این نتیجه رسیدم که این کار بی‌فایده است.
2749,cancel,بیخیال شدم چون فکر می‌کنم این کار دیگه ارزشی نداره و بهتره تمرکز رو به جای دیگه‌ای منتقل کنیم.
2750,cancel,توقف چون به نظرم دیگه نیازی به ادامه‌ی این کار نیست و می‌تونیم وقتمون رو بهتر استفاده کنیم.
2751,cancel,متوقف کن چون احساس می‌کنم این مسیر به جایی نمی‌رسه و بهتره روش دیگه‌ای رو امتحان کنیم.
2752,cancel,بی‌خیال شو چون به نظرم دیگه این موضوع ارزش پیگیری نداره و بهتره ازش صرف‌نظر کنیم.
2753,cancel,هیچی ولش کن چون فکر می‌کنم این کار بی‌فایده است و بهتره به چیز دیگه‌ای بپردازیم.
2754,cancel,کنسل کن چون دیگه به این نتیجه رسیدم که این کار فایده‌ای نداره و بهتره وقت رو هدر ندیم.
2755,cancel,از ادامه دادن منصرف شدم چون به نظرم این کار دیگه اهمیت قبلی رو نداره و بهتره متوقفش کنیم.
2756,cancel,تشکر ممنون نیازی به ادامه نیست چون به این نتیجه رسیدم که این موضوع دیگه مهم نیست و می‌تونیم وقتمون رو به کار دیگه‌ای اختصاص بدیم.
2757,cancel,ادامه نده چون فکر می‌کنم این مسیر به جایی نمی‌رسه و بهتره روش دیگه‌ای رو امتحان کنیم.
2758,cancel,نیازی نیست که ادامه دهی، منصرف شدم چون حس می‌کنم این کار دیگه ضروری نیست و بهتره تمرکز رو به جای دیگه‌ای منتقل کنیم.
2759,cancel,ادامه فرآیندی که داری انجام می‌دهی را کنسل کن چون به نظرم دیگه این موضوع فوریت نداره و می‌تونیم به چیز دیگه‌ای بپردازیم.
2760,cancel,کارت را متوقف کن چون به این نتیجه رسیدم که این کار بی‌فایده است و بهتره وقت رو هدر ندیم و به چیز دیگه‌ای بپردازیم.
2761,cancel,نمی‌خوام ادامه بدم، چون به نظرم دیگه این موضوع اولویت نداره و باید به مسائل مهم‌تری بپردازیم.
2762,cancel,از ادامه‌ی این کار منصرف شدم، چون فکر می‌کنم این مسیر به نتیجه نمی‌رسه و بهتره تمرکزمون رو جای دیگه‌ای بذاریم.
2763,cancel,مایل به ادامه‌ی این فرآیند نیستم، چون به نظرم الان بهتره انرژی‌مون رو روی پروژه‌های دیگه‌ای متمرکز کنیم.
2764,cancel,ولش کن، چون به این نتیجه رسیدم که این کار وقت و انرژی زیادی می‌بره و ارزشش رو نداره.
2765,cancel,بیخیال شدم و نمی‌خوام ادامه بدم، چون احساس می‌کنم این موضوع به اندازه‌ی کافی مهم نیست.
2766,cancel,نه نمی‌خوام اینکارو انجام بدم، چون به نظرم بهتره وقتمون رو به پروژه‌های دیگه اختصاص بدیم.
2767,cancel,نظر من عوض شد، نیازی به انجام این کار ندارم، چون فکر می‌کنم این موضوع اولویت نداره.
2768,cancel,نظرم عوض شد و دیگه نمی‌خوام ادامه بدم، چون به این نتیجه رسیدم که این مسیر بی‌فایده است.
2769,cancel,بیخیال شدم چون به نظرم این کار دیگه ارزش پیگیری نداره و باید ازش صرف‌نظر کنیم.
2770,cancel,توقف کن چون فکر می‌کنم این کار دیگه ضرورتی نداره و بهتره روش‌های دیگه‌ای رو امتحان کنیم.
2771,cancel,متوقف کن، چون احساس می‌کنم این مسیر به جایی نمی‌رسه و باید تمرکزمون رو جای دیگه بذاریم.
2772,cancel,بی‌خیال شو چون به نظرم این موضوع ارزش ادامه دادن نداره و بهتره ازش صرف‌نظر کنیم.
2773,cancel,هیچی ولش کن، چون فکر می‌کنم این کار بی‌فایده است و باید به چیز دیگه‌ای بپردازیم.
2774,cancel,کنسل کن، چون به نظرم این مسیر به نتیجه نمی‌رسه و بهتره تمرکز رو جای دیگه‌ای بذاریم.
2775,cancel,از ادامه دادن منصرف شدم چون به نظرم این کار دیگه اولویت نداره و باید ازش صرف‌نظر کنیم.
2776,cancel,تشکر ممنون نیازی به ادامه نیست، چون به این نتیجه رسیدم که این موضوع دیگه مهم نیست.
2777,cancel,ادامه نده، چون فکر می‌کنم این کار دیگه ارزش پیگیری نداره و باید روش دیگه‌ای رو امتحان کنیم.
2778,cancel,نیازی نیست که ادامه دهی، منصرف شدم، چون حس می‌کنم این موضوع به اندازه‌ی کافی اهمیت نداره.
2779,cancel,ادامه فرآیندی که داری انجام می‌دهی را کنسل کن، چون به نظرم این کار دیگه ضرورتی نداره.
2780,cancel,کارت را متوقف کن، چون به این نتیجه رسیدم که این مسیر بی‌فایده است و باید به چیز دیگه‌ای بپردازیم.
2781,cancel,منصرف شدم
2782,cancel,نمی خوام ادامه بدم
2783,cancel,از ادامه ی این کار منصرف شدم
2784,cancel,مایل به ادامه ی این فرآیند نیسیتم
2785,cancel,ولش کن
2786,cancel,بیخیال شدم نمی خوام ادامه بدم
2787,cancel,نه نمی خوام اینکارو انجام بدم
2788,cancel,نظر من عوض شد، نیازی به انجام این کار ندارم
2789,cancel,نظرم عوض شد
2790,cancel,بیخیال شدم
2791,cancel,توقف
2792,cancel,بی خیال
2793,cancel,هیچی ولش کن
2794,cancel,کنسل کن
2795,cancel,منصرف شدم
2796,cancel,انصراف
2797,cancel,کنسل
2798,cancel,بیخیال
2799,cancel,نخواستم
2800,cancel,هیچی نخواستم
2801,cancel,اصلا نخواستم
2802,cancel,بی خیالش شدم
2803,cancel,پشیمون شدم
2804,cancel,پشیمان شدم
2805,cancel,کنسلش کن
2806,cancel,لغو درخواست
2807,cancel,بیخیال شو
2808,cancel,منظورم این نبود
2809,cancel,اینو نمی خواستم
2810,cancel,منظورم یه چیز دیگه ای بود
2811,cancel,این درخواست رو کنسل کن
2812,cancel,توقف کن
